INSERT INTO projects VALUES (1, "a", "a", 0, 01/01/2017, 01/02/2017);
INSERT INTO projects VALUES (2, "b", "b", 0, 01/02/2017, 01/03/2017);
INSERT INTO projects VALUES (3, "c", "c", 0, 01/03/2017, 01/04/2017);
INSERT INTO projects VALUES (4, "d", "d", 0, 01/04/2017, 01/05/2017);
INSERT INTO projects VALUES (5, "e", "e", 0, 01/05/2017, 01/06/2017);
INSERT INTO projects VALUES (6, "f", "f", 0, 01/06/2017, 01/07/2017);
INSERT INTO projects VALUES (7, "g", "g", 0, 01/07/2017, 01/08/2017);
INSERT INTO projects VALUES (8, "h", "h", 0, 01/08/2017, 01/09/2017);
INSERT INTO projects VALUES (9, "i", "i", 0, 01/09/2017, 01/10/2017);
INSERT INTO projects VALUES (10, "j", "j", 0, 01/10/2017, 01/11/2017);

INSERT INTO users VALUES (1, "Ashely", 20);
INSERT INTO users VALUES (2, "Bob", 30);
INSERT INTO users VALUES (3, "Steve", 40);
INSERT INTO users VALUES (4, "George", 25);
INSERT INTO users VALUES (5, "Kevin", 35);
INSERT INTO users VALUES (6, "Jenny", 45);
INSERT INTO users VALUES (7, "Steven", 22);
INSERT INTO users VALUES (8, "Christi", 32);
INSERT INTO users VALUES (9, "Reid", 42);
INSERT INTO users VALUES (10, "Simon", 21);
INSERT INTO users VALUES (11, "Campbell", 31);
INSERT INTO users VALUES (12, "Jesus", 41);
INSERT INTO users VALUES (13, "Rick", 23);
INSERT INTO users VALUES (14, "Morty", 33);
INSERT INTO users VALUES (15, "Monata", 43);
INSERT INTO users VALUES (16, "Chandler", 24);
INSERT INTO users VALUES (17, "Rosh", 34);
INSERT INTO users VALUES (18, "Bouse", 44);
INSERT INTO users VALUES (19, "Joey", 26);
INSERT INTO users VALUES (20, "Rachelle", 36);

INSERT INTO pledges (amount, user_id, project_id) VALUES (20, 19, 1);
INSERT INTO pledges (amount, user_id, project_id) VALUES (20, 19, 1);
INSERT INTO pledges (amount, user_id, project_id) VALUES (20, 19, 1);
INSERT INTO pledges (amount, user_id, project_id) VALUES (20, 19, 1);
INSERT INTO pledges (amount, user_id, project_id) VALUES (20, 19, 1);
INSERT INTO pledges (amount, user_id, project_id) VALUES (20, 19, 1);
INSERT INTO pledges (amount, user_id, project_id) VALUES (20, 19, 1);
INSERT INTO pledges (amount, user_id, project_id) VALUES (20, 19, 1);
INSERT INTO pledges (amount, user_id, project_id) VALUES (20, 19, 1);
INSERT INTO pledges (amount, user_id, project_id) VALUES (20, 19, 1);
INSERT INTO pledges (amount, user_id, project_id) VALUES (20, 19, 1);
INSERT INTO pledges (amount, user_id, project_id) VALUES (20, 19, 1);
INSERT INTO pledges (amount, user_id, project_id) VALUES (20, 19, 1);
INSERT INTO pledges (amount, user_id, project_id) VALUES (20, 19, 1);
INSERT INTO pledges (amount, user_id, project_id) VALUES (20, 19, 1);
INSERT INTO pledges (amount, user_id, project_id) VALUES (20, 19, 1);
INSERT INTO pledges (amount, user_id, project_id) VALUES (22, 19, 1);
INSERT INTO pledges (amount, user_id, project_id) VALUES (20, 19, 1);
INSERT INTO pledges (amount, user_id, project_id) VALUES (20, 19, 1);
INSERT INTO pledges (amount, user_id, project_id) VALUES (20, 19, 1);
INSERT INTO pledges (amount, user_id, project_id) VALUES (20, 19, 1);
INSERT INTO pledges (amount, user_id, project_id) VALUES (20, 19, 1);
INSERT INTO pledges (amount, user_id, project_id) VALUES (20, 19, 1);
INSERT INTO pledges (amount, user_id, project_id) VALUES (20, 19, 7);
INSERT INTO pledges (amount, user_id, project_id) VALUES (20, 19, 6);
INSERT INTO pledges (amount, user_id, project_id) VALUES (20, 19, 5);
INSERT INTO pledges (amount, user_id, project_id) VALUES (20, 19, 4);
INSERT INTO pledges (amount, user_id, project_id) VALUES (20, 19, 3);
INSERT INTO pledges (amount, user_id, project_id) VALUES (20, 19, 2);
INSERT INTO pledges (amount, user_id, project_id) VALUES (20, 19, 2);
